video_id,comment
1jCkeZPSF6o,このゲームをおすすめしたわために感謝ｗ
1jCkeZPSF6o,いつも配信ありがとう
1jCkeZPSF6o,わため先輩に見守られながら脱獄する、奏でちゃんは凄いね。
1jCkeZPSF6o,おつのせ〜
1jCkeZPSF6o,こーゆーのもっとみたい
1jCkeZPSF6o,💛💛💛
1jCkeZPSF6o,"Cause of that intro, I wanna see you and Kiara collab 🙂😃😏"
1jCkeZPSF6o,
1jCkeZPSF6o,"🎹✨タイムスタンプ🎹✨

00:01:16 開始
00:01:22 100億年ぶり？
00:02:24 皆さんは刑務所に入ったことは
00:02:44 さっきわためぇ先輩が
00:04:57 ゲーム開始
00:05:57 1日目
00:06:16 M.B.
00:08:21 でかっ
00:10:44 物々交換
00:11:53 
00:12:50 🐤
00:12:57 昼休み
00:13:44 金の🚽
00:14:28 🎰！？
00:14:45 
00:16:06 何様ｗ
00:16:55 しけ
00:19:36 あっ
00:20:24 交渉
00:23:10 消灯
00:23:47 寝ずに堀り掘り

00:25:15 2日目
00:25:28 M.B.
00:26:52 交渉
00:27:15 おもちゃのシャベル交換
00:28:31 
00:29:37 うっひょー
00:31:00 
00:32:02 交渉
00:32:14 昼休み
00:33:10 刑務所でも賭け
00:34:32 コメント欄にわためぇ先輩
00:34:34 集団知性
00:40:10 
00:40:45 
00:40:55 エナジードリンク
00:41:46 ひしゃく交換
00:43:10 うひょう
00:43:48 
00:45:30 交渉
00:46:52 確かにｗ
00:48:00 交渉

00:48:45 3日目
00:50:35 
00:50:57 交渉
00:51:10 手持ちシャベル交換
00:51:25 M.B.
00:53:31 交渉
00:55:24 
00:55:44 昼休み
00:56:59 昼休みも掘り掘り
00:58:40 交渉
01:00:54 交渉
01:02:54 交渉
01:03:15 フライパン交換
01:05:32 解任したらどうなるの？
01:06:00 

01:06:21 4日目
01:07:20 硬い？
01:07:48 余裕では(余裕じゃない)
01:08:16 交渉
01:08:37 靴交換
01:08:46 M.B.
01:09:43 棺桶！？
01:10:42 今！？
01:10:48 交渉
01:12:30 
01:13:14 交渉
01:13:20 昼休み
01:14:24 倉庫オープン
01:14:27 拡張機能
01:15:57 お昼ご飯...
01:17:40 奏、思うんだ
01:18:46 交渉
01:20:35 解任してみたら...
01:21:19 交渉
01:21:50 ははーん
01:22:58 交渉
01:23:20 消灯

01:23:32 5日目
01:24:44 M.B.
01:25:12 交渉
01:25:40 10m目指して直下掘り
01:26:37 
01:27:00 あっちゅあっちゅ
01:27:03 交渉
01:29:04 交渉
01:29:45 わためぇ先輩面会に来ないなぁ
01:30:30 昼休み
01:31:04 拡張
01:33:25 
01:35:44 縁取り用シャベル交換
01:36:16 うひょー
01:36:47 アイドル
01:39:19 交渉
01:39:36 ダンベル交換
01:40:06 10ｍ到達

01:41:15 6日目
01:41:22 M.B.
01:42:13 コンパス買えず北っぽい所を掘る事に
01:43:48 交渉
01:46:09 交渉
01:46:29 コンパス交換
01:48:24 昼休み
01:48:49 独房拡張
01:49:06 筋トレ
01:50:19 アイテム交換
01:54:14 サルｗ
01:55:33 交渉
01:56:02 土を掘るのが好きに
01:58:17 北を目指して
01:58:38 
01:59:20 絶対方向感覚

02:00:08 7日目
02:00:14 M.B.
02:01:20 鍵ゲット
02:01:58 交渉
02:02:11 丸形シャベル交換
02:04:32 交渉
02:04:49 バックパック交換
02:06:05 
02:06:52 交渉
02:07:06 昼休み
02:07:55 筋トレ
02:08:35 運動場🏀
02:08:58 
02:10:29 昔バスケもやってた
02:12:44 
02:14:13 
02:14:50 靴交換
02:16:40 そんなバナナ
02:18:20 寝ずに過ごしたら？

02:18:47 8日目
02:18:52 M.B.
02:20:47 交渉
02:23:13 交渉
02:25:17 交渉
02:25:45 昼休み
02:26:05 筋トレ
02:27:08 🏀
02:28:08 機能拡張
02:28:30 🏀
02:30:57 それはそう
02:33:20 交渉
02:33:48 ケトルベル交換
02:35:34 交渉
02:37:12 行き止まり？
02:37:57 時間が

02:38:37 9日目
02:38:56 朝ってなんか気持ちちょっと明るい気がする
02:39:14 まだ15mじゃない？
02:40:09 M.B.
02:40:18 
02:40:40 交渉
02:42:49 交渉
02:43:18 
02:45:37 昼休み
02:46:14 🏀
02:46:32 おまえ🏀がこっちに来い
02:47:06 
02:47:20 こいこいこいこい
02:47:47 きゃっはーう
02:48:45 冷蔵庫交換
02:49:55 コメント欄にわためぇ先輩
02:50:14 15m達成
02:50:55 他の人のプレイタイムみたけど...
02:51:10 交渉
02:51:39 わためぇ先輩も牢屋入って欲しい
02:52:30 わためは悪く
02:53:41 交渉
02:53:53 食事ストック
02:56:02 夜を寝ずに
02:57:34 お？

02:58:28 10日目
02:59:32 お金稼ぎ
03:01:19 交渉
03:01:50 
03:02:27 アラーム怖い
03:03:35 アラームは早めに
03:04:00 バックパック交換
03:05:09 
03:05:26 昼休み
03:06:20 ダイナマイト交換
03:06:53 🏀
03:07:17 夜行った方が？
03:08:15 
03:09:24 夜まで時間潰す？
03:10:26 
03:10:59 
03:14:48 準備は万端？
03:16:30 
03:17:45 決行の日だ

03:22:33 11日目
03:28:35 モニターの明るさ調整
03:29:40 昼休み
03:30:53 ﾄﾞｷﾄﾞｷ
03:31:49 🚩
03:32:25 警備員トンネルまで来る？
03:33:18 ライトを置いて道を確認
03:36:14 
03:37:58 決行の日だ2
03:38:20 作戦会議
03:39:13 OBSで明るさ調整
03:40:57 決行の夜が来ました
03:41:35 
03:42:41 🚗=͟͟͞͞
03:45:14 急がば回れ
03:45:51 
03:47:44 
03:48:12 感想
03:49:00 わためぇ先輩がプレイする機会があったら
03:49:36 "
1jCkeZPSF6o,"Great stream last night Kanade!

@2:47:08 *Kanade scream*"
1jCkeZPSF6o,
1jCkeZPSF6o,ゲーム配信お疲れ様です！
1jCkeZPSF6o,奏脱獄おめでとう
1jCkeZPSF6o,おつのせ💛
1jCkeZPSF6o,❤❤❤❤❤
1jCkeZPSF6o,"33:40 
監獄でギャンブルしてて草

34:32 🐏: あれ？脱獄ゲームだと
思ったらギャンブルしてる？！"
1jCkeZPSF6o,Thanks for the prison escape stream Kanade~!
1jCkeZPSF6o,
1jCkeZPSF6o,live 2d kanade tskr!!!!!
1jCkeZPSF6o,3:42:51 GTA time!😂
1jCkeZPSF6o,
1jCkeZPSF6o,"when the guard goes runing at her, somehow, i can hear a someone shouting ""KANADEEEE!!!!"""
1jCkeZPSF6o,わため先輩に見守られながら脱獄するかなでぃ😊
1jCkeZPSF6o,Kanade Great playing prison escape simulator game İ wish continued success rest well good night sweet dreams
1jCkeZPSF6o,"Thanks for the stream!
What a coincidence, L2D Kanade, the gambling, the driving, it's HoloGTA vibe!
Kanade's reaction to Gamma power was hilarious! Wasted doki doki"
1jCkeZPSF6o,"ムキのせ💪
1:49:10
2:08:18
2:26:12

🏀
2:27:10
2:28:35 
2:46:18
2:47:14 
2:47:43 "
1jCkeZPSF6o,11:48 43:42 1:33:24 2:12:44 😂😂😂
1jCkeZPSF6o,"おつのせ〜
脱獄おめ🎉🎉
ゲーム配信ありがとう！楽しかった！
次回の配信も楽しみにしています"
1jCkeZPSF6o,"ベースはチルい作業ゲーだけど
ちょいちょいバカゲーっぽい
コメディー要素があってめちゃ
面白いゲームだったね！
2Dのきゃなでぃもかわいい"
1jCkeZPSF6o,"先日に引き続きLIVE2D奏ちゃん久々の大活躍♪
かわいい～♪

見つかってはまた掘り続けてクリアおめでとう～♪
環境に適応してベルで条件反射してたり掘り作業の手際の良さよ(笑)

目的はシンプルながら奥の深くけっこうやり混み要素もあって面白いゲームだったね

全アイテム集めた快適な牢屋とか気になった(笑)
今日もありがとう～♪
おやすみ～
( ˘◇˘)ｽﾔｧ"
1jCkeZPSF6o,"月曜日配信ありがとうー
脱獄おめでとう！
めっちゃ面白かった！久しぶりのLive2Dもかわいい
おやすみ〜"
1jCkeZPSF6o,"脱獄おめでとう！！！
ライブ2Dもお家3Dもどっちも大好き"
1jCkeZPSF6o,マイクラとGTAを同時に楽しめる神ゲーだった
1jCkeZPSF6o,"きゃなでぃ×堀るゲーム
ベストマッチ
わためぇ先輩さすがやで"
1jCkeZPSF6o,"おつのせ！
無事脱獄出来てよかったw"
1jCkeZPSF6o,"おつかれさま！
久々に長時間一緒に遊べて楽しかったよ〜
画面の明るさホラゲとかREPOだと他の子より暗めだから、今日くらいの方が見やすいと思う！"
1jCkeZPSF6o,"脱獄という名の穴掘り宝探しゲーム楽しかった～～！！！奏ちゃん後半めっちゃプロ見たくなっててさすがだった！ｗ
明るさって、大事やね！
チルさもあっておもしろかったよ～！今日もありがとうね！脱獄おめでとおおおおお！自由だ～～～～！！！！！！"
1jCkeZPSF6o,"おつのせ〜！
脱獄おめでとう
面白かった"
1jCkeZPSF6o,"おつのせ~
脱獄おめでとう！最後の運転めっちゃ面白かったｗｗｗ
今日も楽しい配信ありがとう！"
1jCkeZPSF6o,"

감옥에 지나치게 잘 적응했던 카나데

와타메 선배나 우이할머니랑 친한거 보니 기뻐

쭉 친하게 지내면 좋겠어"
1jCkeZPSF6o,月曜日から火曜日に変わる夜、彼女は脱獄に成功した。
1jCkeZPSF6o,"脱獄おめでとう！！！
楽しかった！！
(*≧∀≦*)"
1jCkeZPSF6o,脱出おめでとう
1jCkeZPSF6o,お疲れ様でした～！
